{
  "label_analysis": {
    "total_reviews": 2000,
    "label_distribution": {
      "2": 964,
      "1": 1036
    },
    "label_percentages": {
      "2": 48.199999999999996,
      "1": 51.800000000000004
    }
  },
  "text_statistics": {
    "avg_text_length": 444.801,
    "max_text_length": 1014,
    "min_text_length": 101,
    "avg_word_count": 80.7715,
    "max_word_count": 199,
    "min_word_count": 4,
    "total_words": 161543
  },
  "dataset_sizes": {
    "test": 1000,
    "train": 1000,
    "combined": 2000
  },
  "processing_timestamp": "2025-10-22T11:32:25.428020"
}